{"cameraMode":{"drawMode":0,"name":"Shaded","section":"Shading Mode"},"sceneLighting":true,"audioPlay":false,"sceneViewState":{"m_AlwaysRefresh":false,"showFog":true,"showSkybox":true,"showFlares":true,"showImageEffects":true,"showParticleSystems":true,"showVisualEffectGraphs":true,"m_FxEnabled":true},"in2DMode":false,"pivot":{"x":11.072868347167969,"y":2.943270444869995,"z":0.7435216903686523},"rotation":{"x":0.06166163831949234,"y":0.7018906474113464,"z":-0.06121903657913208,"w":0.7069653272628784},"size":3.6999964714050295,"orthographic":false}