{"cameraMode":{"drawMode":0,"name":"Shaded","section":"Shading Mode"},"sceneLighting":true,"audioPlay":false,"sceneViewState":{"m_AlwaysRefresh":false,"showFog":true,"showSkybox":true,"showFlares":true,"showImageEffects":true,"showParticleSystems":true,"showVisualEffectGraphs":true,"m_FxEnabled":true},"in2DMode":false,"pivot":{"x":45.78400802612305,"y":1.3476009368896485,"z":-25.26256561279297},"rotation":{"x":-0.039499424397945407,"y":0.9574128985404968,"z":-0.23765622079372407,"w":-0.15912652015686036},"size":15.643532752990723,"orthographic":true}