{"cameraMode":{"drawMode":0,"name":"Shaded","section":"Shading Mode"},"sceneLighting":true,"audioPlay":false,"sceneViewState":{"m_AlwaysRefresh":false,"showFog":true,"showSkybox":true,"showFlares":true,"showImageEffects":true,"showParticleSystems":true,"showVisualEffectGraphs":true,"m_FxEnabled":true},"in2DMode":false,"pivot":{"x":-1.2137500047683716,"y":0.5874999761581421,"z":-1.5412499904632569},"rotation":{"x":0.09412121027708054,"y":-0.0707254409790039,"z":0.0067033665254712109,"w":0.9930241107940674},"size":1.9895877838134766,"orthographic":true}