{"cameraMode":{"drawMode":0,"name":"Shaded","section":"Shading Mode"},"sceneLighting":true,"audioPlay":false,"sceneViewState":{"m_AlwaysRefresh":false,"showFog":true,"showSkybox":true,"showFlares":true,"showImageEffects":true,"showParticleSystems":true,"showVisualEffectGraphs":true,"m_FxEnabled":true},"in2DMode":false,"pivot":{"x":-1.2137500047683716,"y":0.5874999761581421,"z":-1.5412499904632569},"rotation":{"x":0.000738138216547668,"y":-0.9864604473114014,"z":0.004439108073711395,"w":0.16394910216331483},"size":2.363306999206543,"orthographic":true}